<?xml version="1.0" encoding="UTF-8"?>
<project-private xmlns="http://www.netbeans.org/ns/project-private/1">
    <editor-bookmarks xmlns="http://www.netbeans.org/ns/editor-bookmarks/2" lastBookmarkId="0"/>
    <open-files xmlns="http://www.netbeans.org/ns/projectui-open-files/2">
        <group>
            <file>file:/C:/Users/HP/Documents/NetBeansProjects/MedicalBooking/src/java/controller/AdminLogoutServlet.java</file>
            <file>file:/C:/Users/HP/Documents/NetBeansProjects/MedicalBooking/src/java/controller/ViewAllAppointmentsServlet.java</file>
            <file>file:/C:/Users/HP/Documents/NetBeansProjects/MedicalBooking/src/java/controller/EditDoctorServlet.java</file>
            <file>file:/C:/Users/HP/Documents/NetBeansProjects/MedicalBooking/src/java/dao/DoctorDAO.java</file>
            <file>file:/C:/Users/HP/Documents/NetBeansProjects/MedicalBooking/web/manageDoctors.jsp</file>
            <file>file:/C:/Users/HP/Documents/NetBeansProjects/MedicalBooking/web/AddDoctor.jsp</file>
            <file>file:/C:/Users/HP/Documents/NetBeansProjects/MedicalBooking/web/register.jsp</file>
            <file>file:/C:/Users/HP/Documents/NetBeansProjects/MedicalBooking/web/patientDashboard.jsp</file>
            <file>file:/C:/Users/HP/Documents/NetBeansProjects/MedicalBooking/src/java/controller/ProfileServlet.java</file>
            <file>file:/C:/Users/HP/Documents/NetBeansProjects/MedicalBooking/src/java/controller/UpdateAppointmentStatusServlet.java</file>
            <file>file:/C:/Users/HP/Documents/NetBeansProjects/MedicalBooking/web/WEB-INF/editDoctor.jsp</file>
            <file>file:/C:/Users/HP/Documents/NetBeansProjects/MedicalBooking/src/java/dao/PatientDAO.java</file>
            <file>file:/C:/Users/HP/Documents/NetBeansProjects/MedicalBooking/web/appointmentHistory.jsp</file>
            <file>file:/C:/Users/HP/Documents/NetBeansProjects/MedicalBooking/web/profile.jsp</file>
            <file>file:/C:/Users/HP/Documents/NetBeansProjects/MedicalBooking/web/doctorDashboard.jsp</file>
            <file>file:/C:/Users/HP/Documents/NetBeansProjects/MedicalBooking/web/rescheduleAppointment.jsp</file>
            <file>file:/C:/Users/HP/Documents/NetBeansProjects/MedicalBooking/src/java/model/Admin.java</file>
            <file>file:/C:/Users/HP/Documents/NetBeansProjects/MedicalBooking/src/java/model/Appointment.java</file>
            <file>file:/C:/Users/HP/Documents/NetBeansProjects/MedicalBooking/src/java/controller/ManageDoctorsServlet.java</file>
            <file>file:/C:/Users/HP/Documents/NetBeansProjects/MedicalBooking/src/java/controller/DoctorLoginServlet.java</file>
            <file>file:/C:/Users/HP/Documents/NetBeansProjects/MedicalBooking/src/java/dao/AppointmentDAO.java</file>
            <file>file:/C:/Users/HP/Documents/NetBeansProjects/MedicalBooking/web/WEB-INF/web.xml</file>
            <file>file:/C:/Users/HP/Documents/NetBeansProjects/MedicalBooking/src/java/controller/AppointmentServlet.java</file>
            <file>file:/C:/Users/HP/Documents/NetBeansProjects/MedicalBooking/web/logout.jsp</file>
            <file>file:/C:/Users/HP/Documents/NetBeansProjects/MedicalBooking/web/login.jsp</file>
            <file>file:/C:/Users/HP/Documents/NetBeansProjects/MedicalBooking/src/java/controller/ManagePatientsServlet.java</file>
            <file>file:/C:/Users/HP/Documents/NetBeansProjects/MedicalBooking/src/java/controller/DoctorDashboardServlet.java</file>
            <file>file:/C:/Users/HP/Documents/NetBeansProjects/MedicalBooking/src/java/dao/DBConnection.java</file>
            <file>file:/C:/Users/HP/Documents/NetBeansProjects/MedicalBooking/src/java/controller/RescheduleAppointmentServlet.java</file>
            <file>file:/C:/Users/HP/Documents/NetBeansProjects/MedicalBooking/web/adminDashboard.jsp</file>
            <file>file:/C:/Users/HP/Documents/NetBeansProjects/MedicalBooking/src/java/controller/UpdatePasswordServlet.java</file>
            <file>file:/C:/Users/HP/Documents/NetBeansProjects/MedicalBooking/web/bookAppointment.jsp</file>
            <file>file:/C:/Users/HP/Documents/NetBeansProjects/MedicalBooking/src/java/controller/CancelAppointmentServlet.java</file>
            <file>file:/C:/Users/HP/Documents/NetBeansProjects/MedicalBooking/src/java/controller/AdminLoginServlet.java</file>
            <file>file:/C:/Users/HP/Documents/NetBeansProjects/MedicalBooking/src/java/controller/UpdateAdminProfileServlet.java</file>
            <file>file:/C:/Users/HP/Documents/NetBeansProjects/MedicalBooking/src/java/controller/RegisterServlet.java</file>
            <file>file:/C:/Users/HP/Documents/NetBeansProjects/MedicalBooking/src/java/controller/ChangePasswordServlet.java</file>
            <file>file:/C:/Users/HP/Documents/NetBeansProjects/MedicalBooking/web/manageAppointments.jsp</file>
            <file>file:/C:/Users/HP/Documents/NetBeansProjects/MedicalBooking/src/java/controller/LoadAppointmentServlet.java</file>
            <file>file:/C:/Users/HP/Documents/NetBeansProjects/MedicalBooking/src/java/controller/LoginServlet.java</file>
            <file>file:/C:/Users/HP/Documents/NetBeansProjects/MedicalBooking/web/adminLogin.jsp</file>
            <file>file:/C:/Users/HP/Documents/NetBeansProjects/MedicalBooking/web/changePassword.jsp</file>
            <file>file:/C:/Users/HP/Documents/NetBeansProjects/MedicalBooking/src/java/model/Patient.java</file>
            <file>file:/C:/Users/HP/Documents/NetBeansProjects/MedicalBooking/src/java/controller/AdminDashboardServlet.java</file>
            <file>file:/C:/Users/HP/Documents/NetBeansProjects/MedicalBooking/src/java/controller/LogoutServlet.java</file>
            <file>file:/C:/Users/HP/Documents/NetBeansProjects/MedicalBooking/src/java/model/Doctor.java</file>
            <file>file:/C:/Users/HP/Documents/NetBeansProjects/MedicalBooking/src/java/dao/AdminDAO.java</file>
            <file>file:/C:/Users/HP/Documents/NetBeansProjects/MedicalBooking/src/java/controller/AddDoctorServlet.java</file>
            <file>file:/C:/Users/HP/Documents/NetBeansProjects/MedicalBooking/src/java/controller/ToggleDoctorStatusServlet.java</file>
            <file>file:/C:/Users/HP/Documents/NetBeansProjects/MedicalBooking/web/editDoctor.jsp</file>
            <file>file:/C:/Users/HP/Documents/NetBeansProjects/MedicalBooking/web/index.jsp</file>
            <file>file:/C:/Users/HP/Documents/NetBeansProjects/MedicalBooking/src/java/controller/EditDoctorPageServlet.java</file>
            <file>file:/C:/Users/HP/Documents/NetBeansProjects/MedicalBooking/web/welcome.jsp</file>
            <file>file:/C:/Users/HP/Documents/NetBeansProjects/MedicalBooking/web/managePatients.jsp</file>
            <file>file:/C:/Users/HP/Documents/NetBeansProjects/MedicalBooking/web/adminProfile.jsp</file>
            <file>file:/C:/Users/HP/Documents/NetBeansProjects/MedicalBooking/web/doctorLogin.jsp</file>
        </group>
    </open-files>
</project-private>
